alter session set nls_date_format='DD/MM/YYYY';

drop table pr5c1_certificado cascade constraints;
drop table pr5c1_empleado cascade constraints;
drop table pr5c1_avion cascade constraints;
drop table pr5c1_vuelo cascade constraints;

create table pr5c1_vuelo(
	flno number(4,0) primary key,
	origen varchar2(20),
	destino varchar2(20),
	distancia number(6,0),
	salida date,
	llegada date,
	precio number(7,2));

create table pr5c1_avion(
	aid number(9,0) primary key,
	nombre varchar2(30),
	autonomia number(6,0));

create table pr5c1_empleado(
	eid number(9,0) primary key,
	nombre varchar2(30),
	salario number(10,2));

create table pr5c1_certificado(
	eid number(9,0),
	aid number(9,0),
	primary key(eid,aid),
	foreign key(eid) references pr5c1_empleado,
	foreign key(aid) references pr5c1_avion); 



INSERT INTO pr5c1_VUELO (FLNO, ORIGEN, DESTINO, DISTANCIA, SALIDA, LLEGADA, PRECIO) VALUES (99.0,'Los Angeles','Washington D.C.',2308.0,to_date('04/12/2005 09:30', 'dd/mm/yyyy HH24:MI'),to_date('04/12/2005 09:40', 'dd/mm/yyyy HH24:MI'),235.98);
INSERT INTO pr5c1_VUELO (FLNO, ORIGEN, DESTINO, DISTANCIA, SALIDA, LLEGADA, PRECIO) VALUES (13.0,'Los Angeles','Chicago',1749.0,to_date('04/12/2005 08:45', 'dd/mm/yyyy HH24:MI'),to_date('04/12/2005 08:45', 'dd/mm/yyyy HH24:MI'),220.98);
INSERT INTO pr5c1_VUELO (FLNO, ORIGEN, DESTINO, DISTANCIA, SALIDA, LLEGADA, PRECIO) VALUES (346.0,'Los Angeles','Dallas',1251.0,to_date('04/12/2005 11:50', 'dd/mm/yyyy HH24:MI'),to_date('04/12/2005 07:05', 'dd/mm/yyyy HH24:MI'),225-43);
INSERT INTO pr5c1_VUELO (FLNO, ORIGEN, DESTINO, DISTANCIA, SALIDA, LLEGADA, PRECIO) VALUES (387.0,'Los Angeles','Boston',2606.0,to_date('04/12/2005 07:03', 'dd/mm/yyyy HH24:MI'),to_date('04/12/2005 05:03', 'dd/mm/yyyy HH24:MI'),261.56);
INSERT INTO pr5c1_VUELO (FLNO, ORIGEN, DESTINO, DISTANCIA, SALIDA, LLEGADA, PRECIO) VALUES (7.0,'Los Angeles','Sydney',7487.0,to_date('04/12/2005 05:30', 'dd/mm/yyyy HH24:MI'),to_date('04/12/2005 11:10', 'dd/mm/yyyy HH24:MI'),278.56);
INSERT INTO pr5c1_VUELO (FLNO, ORIGEN, DESTINO, DISTANCIA, SALIDA, LLEGADA, PRECIO) VALUES (2.0,'Los Angeles','Tokyo',5478.0,to_date('04/12/2005 06:30', 'dd/mm/yyyy HH24:MI'),to_date('04/12/2005 03:55', 'dd/mm/yyyy HH24:MI'),780.99);
INSERT INTO pr5c1_VUELO (FLNO, ORIGEN, DESTINO, DISTANCIA, SALIDA, LLEGADA, PRECIO) VALUES (33.0,'Los Angeles','Honolulu',2551.0,to_date('04/12/2005 09:15', 'dd/mm/yyyy HH24:MI'),to_date('04/12/2005 11:15', 'dd/mm/yyyy HH24:MI'),375.23);
INSERT INTO pr5c1_VUELO (FLNO, ORIGEN, DESTINO, DISTANCIA, SALIDA, LLEGADA, PRECIO) VALUES (34.0,'Los Angeles','Honolulu',2551.0,to_date('04/12/2005 12:45', 'dd/mm/yyyy HH24:MI'),to_date('04/12/2005 03:18', 'dd/mm/yyyy HH24:MI'),425.98);
INSERT INTO pr5c1_VUELO (FLNO, ORIGEN, DESTINO, DISTANCIA, SALIDA, LLEGADA, PRECIO) VALUES (76.0,'Chicago','Los Angeles',1749.0,to_date('04/12/2005 08:32', 'dd/mm/yyyy HH24:MI'),to_date('04/12/2005 10:03', 'dd/mm/yyyy HH24:MI'),220.98);
INSERT INTO pr5c1_VUELO (FLNO, ORIGEN, DESTINO, DISTANCIA, SALIDA, LLEGADA, PRECIO) VALUES (68.0,'Chicago','New York',802.0,to_date('04/12/2005 09:00', 'dd/mm/yyyy HH24:MI'),to_date('04/12/2005 12:02', 'dd/mm/yyyy HH24:MI'),202.45);
INSERT INTO pr5c1_VUELO (FLNO, ORIGEN, DESTINO, DISTANCIA, SALIDA, LLEGADA, PRECIO) VALUES (7789.0,'Madison','Detroit',319.0,to_date('04/12/2005 06:15', 'dd/mm/yyyy HH24:MI'),to_date('04/12/2005 08:19', 'dd/mm/yyyy HH24:MI'),120.33);
INSERT INTO pr5c1_VUELO (FLNO, ORIGEN, DESTINO, DISTANCIA, SALIDA, LLEGADA, PRECIO) VALUES (701.0,'Detroit','New York',470.0,to_date('04/12/2005 08:55', 'dd/mm/yyyy HH24:MI'),to_date('04/12/2005 10:26', 'dd/mm/yyyy HH24:MI'),180.56);
INSERT INTO pr5c1_VUELO (FLNO, ORIGEN, DESTINO, DISTANCIA, SALIDA, LLEGADA, PRECIO) VALUES (702.0,'Madison','New York',789.0,to_date('04/12/2005 07:05', 'dd/mm/yyyy HH24:MI'),to_date('04/12/2005 10:12', 'dd/mm/yyyy HH24:MI'),202.34);
INSERT INTO pr5c1_VUELO (FLNO, ORIGEN, DESTINO, DISTANCIA, SALIDA, LLEGADA, PRECIO) VALUES (4884.0,'Madison','Chicago',84.0,to_date('04/12/2005 10:12', 'dd/mm/yyyy HH24:MI'),to_date('04/12/2005 11:02', 'dd/mm/yyyy HH24:MI'),112.45);
INSERT INTO pr5c1_VUELO (FLNO, ORIGEN, DESTINO, DISTANCIA, SALIDA, LLEGADA, PRECIO) VALUES (2223.0,'Madison','Pittsburgh',517.0,to_date('04/12/2005 08:02', 'dd/mm/yyyy HH24:MI'),to_date('04/12/2005 10:01', 'dd/mm/yyyy HH24:MI'),189.98);
INSERT INTO pr5c1_VUELO (FLNO, ORIGEN, DESTINO, DISTANCIA, SALIDA, LLEGADA, PRECIO) VALUES (5694.0,'Madison','Minneapolis',247.0,to_date('04/12/2005 08:32', 'dd/mm/yyyy HH24:MI'),to_date('04/12/2005 09:33', 'dd/mm/yyyy HH24:MI'),120.11);
INSERT INTO pr5c1_VUELO (FLNO, ORIGEN, DESTINO, DISTANCIA, SALIDA, LLEGADA, PRECIO) VALUES (304.0,'Minneapolis','New York',991.0,to_date('04/12/2005 10:00', 'dd/mm/yyyy HH24:MI'),to_date('04/12/2005 01:39', 'dd/mm/yyyy HH24:MI'),101.56);
INSERT INTO pr5c1_VUELO (FLNO, ORIGEN, DESTINO, DISTANCIA, SALIDA, LLEGADA, PRECIO) VALUES (149.0,'Pittsburgh','New York',303.0,to_date('04/12/2005 09:42', 'dd/mm/yyyy HH24:MI'),to_date('04/12/2005 12:09', 'dd/mm/yyyy HH24:MI'),1165.00);

Insert into pr5c1_AVION (AID,NOMBRE,AUTONOMIA) values ('1','Boeing 747-400','8430');
Insert into pr5c1_AVION (AID,NOMBRE,AUTONOMIA) values ('3','Airbus A340-300','7120');
Insert into pr5c1_AVION (AID,NOMBRE,AUTONOMIA) values ('4','British Aerospace Jetstream 41','1502');
Insert into pr5c1_AVION (AID,NOMBRE,AUTONOMIA) values ('5','Embraer ERJ-145','1530');
Insert into pr5c1_AVION (AID,NOMBRE,AUTONOMIA) values ('7','Piper Archer III','520');


Insert into pr5c1_EMPLEADO (EID,NOMBRE,SALARIO) values ('567354612','Lisa Walker','256481');
Insert into pr5c1_EMPLEADO (EID,NOMBRE,SALARIO) values ('254099823','Patricia Jones','223000');
Insert into pr5c1_EMPLEADO (EID,NOMBRE,SALARIO) values ('355548984','Angela Martinez','212156');
Insert into pr5c1_EMPLEADO (EID,NOMBRE,SALARIO) values ('310454876','Joseph Thompson','212156');
Insert into pr5c1_EMPLEADO (EID,NOMBRE,SALARIO) values ('269734834','George Wright','289950');
Insert into pr5c1_EMPLEADO (EID,NOMBRE,SALARIO) values ('552455348','Dorthy Lewis','251300');
Insert into pr5c1_EMPLEADO (EID,NOMBRE,SALARIO) values ('486512566','David Anderson','43001');
Insert into pr5c1_EMPLEADO (EID,NOMBRE,SALARIO) values ('573284895','Eric Cooper','114323');
Insert into pr5c1_EMPLEADO (EID,NOMBRE,SALARIO) values ('574489457','Milo Brooks','20');


Insert into pr5c1_CERTIFICADO (EID,AID) values ('269734834','1');
Insert into pr5c1_CERTIFICADO (EID,AID) values ('269734834','3');
Insert into pr5c1_CERTIFICADO (EID,AID) values ('269734834','4');
Insert into pr5c1_CERTIFICADO (EID,AID) values ('269734834','5');
Insert into pr5c1_CERTIFICADO (EID,AID) values ('269734834','7');
Insert into pr5c1_CERTIFICADO (EID,AID) values ('567354612','1');
Insert into pr5c1_CERTIFICADO (EID,AID) values ('567354612','3');
Insert into pr5c1_CERTIFICADO (EID,AID) values ('567354612','4');
Insert into pr5c1_CERTIFICADO (EID,AID) values ('567354612','5');
Insert into pr5c1_CERTIFICADO (EID,AID) values ('567354612','7');
Insert into pr5c1_CERTIFICADO (EID,AID) values ('573284895','3');
Insert into pr5c1_CERTIFICADO (EID,AID) values ('573284895','4');
Insert into pr5c1_CERTIFICADO (EID,AID) values ('573284895','5');
Insert into pr5c1_CERTIFICADO (EID,AID) values ('574489457','7');

commit;
